<?xml version='1.0' encoding='UTF-8'?>
<repository name="SW32K1_S32M24x_RTD_4.4_R21-11_2.0.0_D2410_DesignStudio_updatesite" type="org.eclipse.equinox.internal.p2.artifact.repository.CompositeArtifactRepository" version="1.0.0">
    <properties size="1">
        <property name="p2.timestamp" value="1727788324028" />
    </properties>
    
<children size="3"><child location="RTD_S32K1_S32M24_update_site" /><child location="RTD_S32K1_update_site" /><child location="RTD_S32M24_update_site" /></children></repository>